Nr	3D-ObjectID	BurialNo	Category	Archaeological_element	CatalogueNo	Individual	Title	Description	Archaeological Project	Fieldseason	Year_digitized	Polygons	Decimated geometry	Digitization Method	Software Used	3D-X	3D-Y	3D-Z	Author	File-Format	Burial	Site	Period	Ceramic_period	Structure	Location	Arquitecture	Deposit	Reopening	Evidence_reopening	MNI	Associated objects	Individual	Sex	Age	Articulation	Position-torso	Position-extremities	Orientation	Cranial_Modification	Dental-modification	Individual	Sex	Age	Articulation	Position-torso	Position-extremities	Orientation	Cranial_Modification	Dental-modification	Individual	Sex	Age	Articulation	Position-torso	Position-extremities	Orientation	Cranial_Modification	Dental-modification	Individual	Sex	Age	Articulation	Position-torso	Position-extremities	Orientation	Cranial_Modification	Dental-modification
1	PalSep_Model8	7	Bone	Cranium		Individual 7-B	Bone: Reconstructed incomplete Cranium, Individual 7B from Burial 7	Reconstructed incomplete cranium of a male adult individual	PREP	2016	2021	2.655.965	99.000	Photogrammetry	Agisoft Metashape Pro				Mirko De Tomassi	OBJ	B7	Palenque, Group IV		Murciélagos-Balunté	Patio		Simple Crypt	Mixed	Yes	Reduced primary (Individual 7B)	3	Three bone needles, two vessels	S7B	Masculine	43.9 ys	Reduced primary	Supine	Disarticulated legs, extended arms	24 E	Oblique tabular																												
2	PalSep_Model9	14	Bone	Cranium		Individual 14-A	Bone: Cranium, Individual 14A from Burial 14	Cranium of a male adult individual	PREP	2016	2021	1.729.674	99.000	Photogrammetry	Agisoft Metashape Pro				Mirko De Tomassi	OBJ	B14	Palenque, Group IV		Motiepa 	J7	Underneath the structure	Elaborate Crypt	Individual primary	Yes?		1	Vessel, spindle whorl, earrings and earspools, jade beads	S14A	Masculine	32-35 ys	Primary	Supine	Extended		Oblique tabular																												
3	PalSep_Model10	14	Bone	Mandible		Individual 14-A	Bone: Mandible, Individual 14A from Burial 14	Mandible of a male adult individual	PREP	2016	2021	543.112	99.000	Photogrammetry	Agisoft Metashape Pro				Mirko De Tomassi	OBJ	B14	Palenque, Group IV		Motiepa 	J7	Underneath the structure	Elaborate Crypt	Individual primary	Yes?		1	Vessel, spindle whorl, earrings and earspools, jade beads	S14A	Masculine	32-35 ys	Primary	Supine	Extended																														
4	PalSep_Model11	14	Bone	Os Coxae		Individual 14-A	Bone: Right Os Coxae, Individual 14A from Burial 14	Right ox coxae of a male adult individual	PREP	2016	2021	790.962	99.000	Photogrammetry	Agisoft Metashape Pro				Mirko De Tomassi	OBJ	B14	Palenque, Group IV		Motiepa 	J7	Underneath the structure	Elaborate Crypt	Individual primary	Yes?		1	Vessel, spindle whorl, earrings and earspools, jade beads	S14A	Masculine	32-35 ys	Primary	Supine	Extended																														
5	PalSep_Model12	14	Bone	Humerus		Individual 14-A	Bone: Left Humerus, Individual 14A from Burial 14	Left humerus of a male adult individuals	PREP	2016	2021	202.662	99.000	Photogrammetry	Agisoft Metashape Pro				Mirko De Tomassi	OBJ	B14	Palenque, Group IV		Motiepa 	J7	Underneath the structure	Elaborate Crypt	Individual primary	Yes?		1	Vessel, spindle whorl, earrings and earspools, jade beads	S14A	Masculine	32-35 ys	Primary	Supine	Extended																														
6	PalSep_Model13	8	Bone	Cranium		Individual 8-A	Bone: Reconstructed Incomplete Cranium, Individual 8A from Burial 8	Reconstructed incomplete cranium of a female adult individual	PREP	2016	2021	1.604.198	99.000	Photogrammetry	Agisoft Metashape Pro				Mirko De Tomassi	OBJ	B8	Palenque, Group IV			Patio		Simple crypt o box	Collective secondary	No		3	Bone needle, vessel, two stingray spines (one burnt), bone needle, chicozapote seed	S8A	Femenine	40-50 ys	Secondary	Disarticulated	Disarticulated		Oblique tabular																												
7	PalSep_Model14	8	Bone	Mandible		Individual 8-A	Bone: Mandible, Individual 8A from Burial 8	Mandible of a female adult individual	PREP	2016	2021	405.919	99.000	Photogrammetry	Agisoft Metashape Pro				Mirko De Tomassi	OBJ	B8	Palenque, Group IV			Patio		Simple crypt o box	Collective secondary	No		3	Bone needle, vessel, two stingray spines (one burnt), bone needle, chicozapote seed	S8A	Femenine	40-50 ys	Secondary	Disarticulated	Disarticulated		Oblique tabular																												
8	PalSep_Model17	8	Bone	Cranium		Individual 8-B	Bone: Cranium, Individual 8B from Burial 8	Reconstructed incomplete cranium of an adult individual	PREP	2016	2021	1.637.325	99.000	Photogrammetry	Agisoft Metashape Pro				Mirko De Tomassi	OBJ	B8	Palenque, Group IV			Patio		Simple crypt o box	Collective secondary	No		3	Bone needle, vessel, two stingray spines (one burnt), bone needle, chicozapote seed	18B		Adult																																	
9	PalSep_Model18	8	Bone	Cranium		Individual 8-C	Bone: Reconstructed Incomplete Cranium, Individual 8C from Burial 8	Reconstructed incomplete cranium of a male adult individual	PREP	2016	2021	1.761.145	99.000	Photogrammetry	Agisoft Metashape Pro				Mirko De Tomassi	OBJ	B8	Palenque, Group IV			Patio		Simple crypt o box	Collective secondary	No		3	Bone needle, vessel, two stingray spines (one burnt), bone needle, chicozapote seed	S8C	Masculine	40-44 ys																																	
10	PalSep_Model20	9	Bone	Cranium		Individual L95	Bone: Incomplete Left Temporal Bone, Secondary Individual from outside Burial 10	Left temporal bone of a secondary individual	PREP	2016	2021	485.763	99.000	Photogrammetry	Agisoft Metashape Pro				Mirko De Tomassi	OBJ	B10+9	Palenque, Group IV		Murciélagos-Balunté	J6	West side of J6 banister	Box	Collective secondary	Yes?	Bones beneath the wall of the box	4?	Vessel, four oliva shells, spindle whorl, jade bead, possibly sherds of more vessels																																				
11	PalSep_Model23	12	Bone	Cranium		Individual 12A	Bone: Reconstructed Cranium, Individual 12A from Burial 12	Reconstructed cranium from a female adult individual	PREP	2016	2021	1.970.115	99.000	Photogrammetry	Agisoft Metashape Pro				Mirko De Tomassi	OBJ	B12	Palenque, Group IV		Murciélagos-Balunté	J6	West side of J6 banister	Simple Crypt	Mixed	No		2	Two obsidian blades, vessel	S12A	Femenine	30-34 ys	Primary	Supine	Extended	25 E																													
12	PalSep_Model24	12	Bone	Cranium		Individual 12B	Bone: Incomplete Left Temporal Bone, Individual 12B from Burial 12	Incomplete left temporal bone of a male adult individual	PREP	2016	2021	1.020.755	99.000	Photogrammetry	Agisoft Metashape Pro				Mirko De Tomassi	OBJ	B12	Palenque, Group IV		Murciélagos-Balunté	J6	West side of J6 banister	Simple Crypt	Mixed	No		2	Two obsidian blades, vessel	S12B	Masculine	48-49 ys	Secondary	Disarticulated	Disarticulated																														
13	PalSep_Model27	17	Bone	Cranium		Individual 17A	Bone: Incomplete Cranium, Individual 17A from Burial 17	Reconstructed incomplete cranium of a child	PREP	2017	2021	1.033.377	99.000	Photogrammetry	Agisoft Metashape Pro				Mirko De Tomassi	OBJ	B17	Palenque, Group IV			J7	Front	Pit	Individual primary	No		1		S17A	Femenine	6 ys	Primary	Supine	Flexed																														
14	PalSep_Model35	23	Bone	Cranium		Individual 23A	Bone: Cranium, Individual 23A from burial 23	Cranium of a female adult individual	PREP	2017	2021	1.862.520	99.000	Photogrammetry	Agisoft Metashape Pro				Mirko De Tomassi	OBJ	B23	Palenque, Group IV		Murciélagos-Balunté	J6	West side  	Elaborate Crypt	Individual primary	Yes?	Open slab	1	jade beads, bone needle, spindle whorl, obsidian blade, cuenta de jadeita en la mano derecha, otras dos cuentas de jadeita debajo del cráneo, aguja de hueso debajo del cráneo; un malacate plano en el sur (pies); obsidiana?	S23A	Femenine	55-60 ys	Primary	Supine	Extended	20 E																													
15	PalSep_Model40	4	Artefact	Vessel	7_401		Artefact: Incomplete ceramic bowl from Burial 4	Restored incomplete thin-walled ceramic bowl (cajete) 	PREP	2016	2021	124.086	99.000	Photogrammetry	Agisoft Metashape Pro	601000,316	1933360,925	96,636	Mirko De Tomassi	OBJ	B4	Palenque, Group IV		Murciélagos-Balunté	Patio		Simple Crypt	Mixed	Yes	Partial covering	3	 Two vessels, stingray spine, four bone needles																																				
16	PalSep_Model41	10	Artefact	Vessel	42_401		Artefact: Ceramic bowl from Burial 10	Restored ceramic bowl decorated with four bands of incised lines	PREP	2016	2021	239.978	99.000	Photogrammetry	Agisoft Metashape Pro	601002,418	1933362,531	96,114	Mirko De Tomassi	OBJ	B10+9	Palenque, Group IV		Murciélagos-Balunté	J6	West side of J6 banister	Box	Collective secondary	Yes?	Bones beneath the wall of the box	4?	Vessel, four oliva shells, spindle whorl, jade bead, possibly sherds of more vessels																																				
17	PalSep_Model42	12	Artefact	Vessel	44_401		Artefact: Ceramic bowl from Burial 12	Thin-walled ceramic bowl (cajete)	PREP	2016	2021	770.784	99.000	Photogrammetry	Agisoft Metashape Pro	601001,272	1933364,000	96,364	Mirko De Tomassi	OBJ	B12	Palenque, Group IV		Murciélagos-Balunté	J6	West side of J6 banister	Simple Crypt	Mixed	No		2	Two obsidian blades, vessel																																				
18	PalSep_Model43	11	Artefact	Vessel	36_418		Artefact: Polychrome ceramic bowl from Burial 11	Restored polychrome ceramic bowl (beaker)	PREP	2016	2021	249.926	99.000	Photogrammetry	Agisoft Metashape Pro	601001,500	1933368,607	96,909	Mirko De Tomassi	OBJ	B11	Palenque, Group IV		Murciélagos-Balunté	J4	East side	Elaborate Crypt	Individual secondary	Yes	Relleno debajo de lajas completas, vasija encima de relleno, secondario reducido	1	Vessel, fragment of textile																																				
19	PalSep_Model44	13	Artefact	Vessel	41_401		Artefact: Ceramic bowl from Burial 13	Restored incomplete thin-walled ceramic bowl (cajete)	PREP	2016	2021	660.574	99.000	Photogrammetry	Agisoft Metashape Pro	601001,727	1933359,450	96,086	Mirko De Tomassi	OBJ	B13	Palenque, Group IV			Patio		Pit	Mixed	Yes	Reduced primary	1+1?	Two vessels																																				
20	PalSep_Model45	5	Artefact	Vessel	24_401		Artefact: Thumb-impressed ceramic bowl from Burial 5	Thumb-impressed thin-walled ceramic bowl (cajete)	PREP	2016	2021	593.628	99.000	Photogrammetry	Agisoft Metashape Pro	600998,970	1933361,850	96,570	Mirko De Tomassi	OBJ	B5	Palenque, Group IV		Murciélagos-Balunté	Patio		Simple Crypt	Mixed	Yes	Broken covering	10	Quartz crystal, spindle whorl, three vessels, bone needle, obsidian blade																																				
21	PalSep_Model46	5	Artefact	Vessel	14_401		Artefact: Incised ceramic bowl from Burial 5	Ceramic bowl decorated with circunferential incised lines	PREP	2016	2021	963.606	99.000	Photogrammetry	Agisoft Metashape Pro	600999,005	1933361,820	96,644	Mirko De Tomassi	OBJ	B5	Palenque, Group IV		Murciélagos-Balunté	Patio		Simple Crypt	Mixed	Yes	Broken covering	10	Quartz crystal, spindle whorl, three vessels, bone needle, obsidian blade																																				
22	PalSep_Model47	5	Artefact	Spindle whorl	13_401		Artefact: Ceramic spindle whorl from Burial 5	Ceramic spindle whorl decorated with quadripartite pattern	PREP	2016	2023	688.486	99.000	Photogrammetry	Agisoft Metashape Pro	600999,018	1933362,763	96,584	Mirko De Tomassi	OBJ	B5	Palenque, Group IV		Murciélagos-Balunté	Patio		Simple Crypt	Mixed	Yes	Broken covering	10	Quartz crystal, spindle whorl, three vessels, bone needle, obsidian blade																																				
23	PalSep_Model48	8	Artefact	Vessel	11_402		Artefact: Ceramic bowl from Burial 8	Restored ceramic bowl	PREP	2016	2023	2.538.010	99.000	Photogrammetry	Agisoft Metashape Pro	601002,805	1933356,469	95,633	Mirko De Tomassi	OBJ	B8	Palenque, Group IV			Patio		Simple crypt of box	Collective secondary	No		3	Bone needle, vessel, two stingray spines (one burnt), bone needle, chicozapote seed																																				
24	PalSep_Model49	14	Artefact	Vessel	400-44-09		Artefact: Ceramic bowl from Burial 14	Ceramic serving bowl	PREP	2016	2023	1.404.752	99.000	Photogrammetry	Agisoft Metashape Pro				Mirko De Tomassi	OBJ	B14	Palenque, Group IV		Motiepa 	J7	Underneath the structure	Elaborate Crypt	Individual primary	Yes?		1	Vessel, spindle whorl, earrings and earspools, jade beads																																				
25	PalSep_Model50	1	Burial			Individuals 1D and 1E	Burial: Burial 1, Individuals D and E	Two individuals, a child and a male adult, were buried in a simple grave made of stacked stones; the taphonomy of the two skeletons and the whole context suggests the burial was reopened in the past. 	PREP	2016	2016	8.771.963	99.000	Photogrammetry	Agisoft Metashape Pro				Mirko De Tomassi	OBJ	B1D-E	Palenque, Group IV			J4/J6	Between structures	Simple Crypt	Mixed	Yes	Partial covering; reduced primary (Individual 1E); alteration of Individual 1D	3	Three obsidian blades, quartz crystal, bone needle	S1D		5.5-6.5 ys	Primary	Supine	Extended	24 E			S1E	Masculine	20 ys	Reduced primary	Lateral left	Flexed	22 E?																				
26	PalSep_Model51	17	Burial			Individuals 17A	Burial: Burial 17, Individual A	A child buried in a pit in a flexed supine position, an uncommon position at Palenque	PREP	2016	2016	11.418.372	98999	Photogrammetry	Agisoft Metashape Pro				Mirko De Tomassi	OBJ	B17	Palenque, Group IV			J7	Front	Pit	Individual primary	No		1		S17A	Femenine	6 ys	Primary	Supine	Flexed																														
27	PalSep_Model54	1A	Burial			Individual 1A	Burial: Burial 1, Individual A	A child buried in a simple grave made of stacked stones with a greenstone bead in their mouth, a common ancient Maya funerary feature	PREP	2016	2016	4.227.080	99000	Photogrammetry	Agisoft Metashape Pro				Mirko De Tomassi	OBJ	B1A	Palenque, Group IV			J4/J6	Between structures	Simple Crypt	Individual primary	No		1	"Jade bead and animal tooth
"	S1A		1.5 ys	Primary	Supine	Extended	3 E																													
28	PalSep_Model57	1	Burial			Individuals 1B and 1C	Burial: Burial 1, Individuals B and C	A child was buried alongside the secondary bones of an adult	PREP	2016	2016	3.388.262	99000	Photogrammetry	Agisoft Metashape Pro				Mirko De Tomassi	OBJ	B1B-C	Palenque, Group IV			J4/J6	Between structures	Simple Crypt	Mixed	No		2		S1B		3.5-4.5 ys	Primary	Supine	Extended	13 E			S1C		Adult	Secondary	Disarticulated	Disarticulated																					
29	PalSep_Model58	1	Burial			Individual 1B	Burial: Burial 1, Individual B	This model shows the skeleton of a child buried in a simple grave made of stacked stones	PREP	2016	2016	3.415.572	99.000	Photogrammetry	Agisoft Metashape Pro				Mirko De Tomassi	OBJ	B1B-C	Palenque, Group IV			J4/J6	Between structures	Simple Crypt	Mixed	No		2		S1B		3.5-4.5 ys	Primary	Supine	Extended																														
30	PalSep_Model60	1	Burial			Individual 1E	Burial: Burial 1, Individual E	Burial 1 after the removal of the child (Individual D) and the first layer of bones of the male adult (Individual E)	PREP	2016	2016	3.519.020	99000	Photogrammetry	Agisoft Metashape Pro				Mirko De Tomassi	OBJ	B1D-E	Palenque, Group IV			J4/J6	Between structures	Simple Crypt	Mixed	Yes	Partial covering; reduced primary (Individual 1E); alteration of Individual 1D	3	Three obsidian blades, quartz crystal, bone needle	S1E	Masculine	20 ys	Reduced primary	Lateral left	Flexed	22 E?																													
31	PalSep_Model61	2	Burial			Individual 2A	Burial: Burial 2, Individual A first layer	The beginning of the excavation of Burial 2, showing the lower skeleton of an adult individual of undetermined sex	PREP	2016	2016	1.763.335	100000	Photogrammetry	Agisoft Metashape Pro				Mirko De Tomassi	OBJ	B2	Palenque, Group IV			Patio		Simple Crypt	Mixed	No		3	"Jade bead
"	S2A		Adult	Primary	Supine		22 E																													
32	PalSep_Model62	2	Burial			Individual 2A	Burial: Burial 2, Individual A second layer	The upper skeleton of the adult individual found in Burial 2	PREP	2016	2016	3.977.096	99000	Photogrammetry	Agisoft Metashape Pro				Mirko De Tomassi	OBJ	B2	Palenque, Group IV			Patio		Simple Crypt	Mixed	No		3	"Jade bead
"	S2A		Adult	Primary	Supine		22 E																													
33	PalSep_Model63	3	Burial			Individual 3A	Burial: Burial 3, Individuals A and B	A female adult individual was buried in this elaborate stone grave alongside an unborn or newborn infant	PREP	2016	2016	2.532.260	99000	Photogrammetry	Agisoft Metashape Pro				Mirko De Tomassi	OBJ	B3	Palenque, Group IV		Murciélagos-Balunté	Patio		Elaborate Crypt	Primary collective	No		1	Vessel	S3A	Femenine	25-29 ys	Primary	Supine		8 E																													
34	PalSep_Model66	4	Burial				Burial: Burial 4, Missing Capstones	The lid of Burial 4 is missing a few slabs while others are broken; this is commonly considered a sign that the burial was reopened in the past	PREP	2016	2016	221.400		Photogrammetry	Agisoft Metashape Pro				Mirko De Tomassi	OBJ	B4	Palenque, Group IV		Murciélagos-Balunté	Patio		Simple Crypt	Mixed	Yes	Partial covering	3	 Two vessels, stingray spine, four bone needles																																				
35	PalSep_Model74	5	Burial			Individual 5A	Burial: Burial 5, Individual A	A femenine adult was buried in a collective simple grave	PREP	2016	2016	2.521.100	99000	Photogrammetry	Agisoft Metashape Pro				Mirko De Tomassi	OBJ	B5	Palenque, Group IV		Murciélagos-Balunté	Patio		Simple Crypt	Mixed	Yes	Broken covering	10	Quartz crystal, spindle whorl, three vessels, bone needle, obsidian blade	S5A	Femenine	35-39 ys	Primary	Supine	Extended	17 E																													
36	PalSep_Model75	5	Burial			Individual 5E	Burial: Burial 5, Missing Capstone	The lid of Burial 5 is missing a few slabs while others are broken; this is commonly considered a sign that the burial was reopened in the past. The missing slabs allow to see the bones of the legs of two different individuals and two fragmented ceramic bowls	PREP	2016	2016	1.121.873	99000	Photogrammetry	Agisoft Metashape Pro				Mirko De Tomassi	OBJ	B5	Palenque, Group IV		Murciélagos-Balunté	Patio		Simple Crypt	Mixed	Yes	Broken covering	10	Quartz crystal, spindle whorl, three vessels, bone needle, obsidian blade	S5E	Masculine	Adult	Secondary	Disarticulated	Disarticulated																														
37	PalSep_Model76	5	Burial			Individuals 5A, 5C, 5D and 5E	Burial: Burial 5, Multiple Individuals	The bones of the legs of several individuals in Burial 5	PREP	2016	2016	1.682.438	99000	Photogrammetry	Agisoft Metashape Pro				Mirko De Tomassi	OBJ	B5	Palenque, Group IV		Murciélagos-Balunté	Patio		Simple Crypt	Mixed	Yes	Broken covering	10	Quartz crystal, spindle whorl, three vessels, bone needle, obsidian blade	S5A	Femenine	35-39 ys	Primary	Supine	Extended	17 E			S5B	Femenine?	Adult	Secondary	Disarticulated	Disarticulated				S5D	Masculine?	Adult	Secondary	Disarticulated	Disarticulated				S5E	Masculine	Adult	Secondary	Disarticulated	Disarticulated			
38	PalSep_Model79	7	Burial				Burial: Burial 7, Capstones	The slabs covering Burial 7	PREP	2016	2016	603.782	99000	Photogrammetry	Agisoft Metashape Pro				Mirko De Tomassi	OBJ	B7	Palenque, Group IV		Murciélagos-Balunté	Patio		Simple Crypt	Mixed	Yes	Reduced primary (Individual 7B)	3	Three bone needles, two vessels																																				
39	PalSep_Model80	7	Burial			Individuals 7A and 7B	Burial: Burial 7, Individuals A and B	Two male adults were buried in Burials 7; one of the them (Individual A) is a primary individual, while the other one (Individual B) has been altered after his body had decomposed	PREP	2016	2016	8.473.395	98999	Photogrammetry	Agisoft Metashape Pro				Mirko De Tomassi	OBJ	B7	Palenque, Group IV		Murciélagos-Balunté	Patio		Simple Crypt	Mixed	Yes	Reduced primary (Individual 7B)	3	Three bone needles, two vessels	S7A	Masculine	40-45 ys	Primary	Supine	Extended	24 E	Erect tabular		S7B	Masculine	43.9 ys	Reduced primary	Supine	Disarticulated legs, extended arms	24 E	Oblique tabular																			
40	PalSep_Model81	7	Burial			Individual 7A 	Burial: Burial 7, Individual A	The primary masculine individual in Burial 7 after the the bones of the legs of the other individual were removed during the excavation; his feet were crossed atop a ceramic bowl	PREP	2016	2016	2.560.081	99000	Photogrammetry	Agisoft Metashape Pro				Mirko De Tomassi	OBJ	B7	Palenque, Group IV		Murciélagos-Balunté	Patio		Simple Crypt	Mixed	Yes	Reduced primary (Individual 7B)	3	Three bone needles, two vessels	S7A	Masculine	40-45 ys	Primary	Supine	Extended	24 E																													
41	PalSep_Model83	7	Burial			Individual 7B	Burial: Burial 7, Individual B Upper Body	The upper skeleton of the altered male adult from Burial 7	PREP	2016	2016	7.078.085	99000	Photogrammetry	Agisoft Metashape Pro				Mirko De Tomassi	OBJ	B7	Palenque, Group IV		Murciélagos-Balunté	Patio		Simple Crypt	Mixed	Yes	Reduced primary (Individual 7B)	3	Three bone needles, two vessels	S7B	Femenine	43.9 ys	Reduced primary	Supine	Disarticulated legs, extended arms	24 E	Oblique tabular																												
42	PalSep_Model85	8	Burial			Individual 8A, 8B, 8C, and 15A	Burial: Burials 8 and 15 with interred individuals	Burial 8 is a collective burial containing the remains of three individuals while Burial 15 contains only one individual	PREP	2016	2016	3.863.419	99000	Photogrammetry	Agisoft Metashape Pro				Mirko De Tomassi	OBJ	B8-15	Palenque, Group IV			Patio		Pit?	Individual secondary	No		1	Vessel	S8A	Femenino	40-50	Secondary	Disarticulated	Disarticulated				S8B	Masculine	Adult	Secondary	Disarticulated	Disarticulated				S8C	Masculine	40-44	Secondary	Disarticulated	Disarticulated				S15A	Femenine	35-39	Secondary	Disarticulated	Disarticulated			
43	PalSep_Model86	10	Burial			Individual L95A and L95B	Burial: Burial 10, Capstones	The slabs covering Burial 10	PREP	2016	2016	3.054.283	99000	Photogrammetry	Agisoft Metashape Pro				Mirko De Tomassi	OBJ	B10+9	Palenque, Group IV		Murciélagos-Balunté	J6	West side of J6 banister	Box	Collective secondary	Yes?	Bones beneath the wall of the box	4?	Vessel, four oliva shells, spindle whorl, jade bead, possibly sherds of more vessels	L95A	Femenine	Adult	Secondary	Disarticulated	Disarticulated																														
44	PalSep_Model88	10	Burial				Burial: Burial 10, Grave Goods	A fragmented but complete ceramic bowl in Burial 10	PREP	2016	2016	3.038.819	98999	Photogrammetry	Agisoft Metashape Pro				Mirko De Tomassi	OBJ	B10+9	Palenque, Group IV		Murciélagos-Balunté	J6	West side of J6 banister	Box	Collective secondary	Yes?	Bones beneath the wall of the box	4?	Vessel, four oliva shells, spindle whorl, jade bead, possibly sherds of more vessels										L95B	Femenine		Secondary																							
45	PalSep_Model89	10	Burial			Individuals 10A, 10B, 10C, 10D	Burial: Burial 10, Interred Individuals	The secondary individuals interred in Burial 10	PREP	2016	2016	9.174.957	98999	Photogrammetry	Agisoft Metashape Pro				Mirko De Tomassi	OBJ	B10+9	Palenque, Group IV		Murciélagos-Balunté	J6	West side of J6 banister	Box	Collective secondary	Yes?	Bones beneath the wall of the box	4?	Vessel, four oliva shells, spindle whorl, jade bead, possibly sherds of more vessels	S10A	Femenine	Newborn	Secondary	Disarticulated	Disarticulated				S10B	Masculine	Adult	Secondary	Disarticulated	Disarticulated				S10C	Femenine	30-35	Secondary	Disarticulated	Disarticulated				S10D		Adult	Secondary	Disarticulated	Disarticulated			
46	PalSep_Model91	11	Burial				Burial: Burial 11, Grave Goods 	A fragmented but complete polychrome ceramic bowl in Burial 11	PREP	2016	2016	2.084.941	98999	Photogrammetry	Agisoft Metashape Pro				Mirko De Tomassi	OBJ	B11	Palenque, Group IV		Murciélagos-Balunté	J4	East side	Elaborate Crypt	Individual secondary	Yes	Relleno debajo de lajas completas, vasija encima de relleno, secondario reducido	1	Vessel, fragment of textile																																				
47	PalSep_Model92	11	Burial				Burial: Burial 11, Capstones	Burial 11 is an elaborate grave made of well-made limestone slabs	PREP	2016	2016	4.343.547	99000	Photogrammetry	Agisoft Metashape Pro				Mirko De Tomassi	OBJ	B11	Palenque, Group IV		Murciélagos-Balunté	J4	East side	Elaborate Crypt	Individual secondary	Yes	Relleno debajo de lajas completas, vasija encima de relleno, secondario reducido	1	Vessel, fragment of textile																																				
48	PalSep_Model99	13	Burial			Individual 13A	Burial: Burial 13, Individual A	Adult individual of undertermined sex interred in a flexed position in Burial 13	PREP	2016	2016	1.601.773	98999	Photogrammetry	Agisoft Metashape Pro				Mirko De Tomassi	OBJ	B13	Palenque, Group IV			Patio		Pit	Mixed	Yes	Reduced primary	1+1?	Two vessels	S13A		40-44 ys	Reduced primary	Lateral left	Flexed	35 E																													
49	PalSep_Model105	18	Burial			Individual 18A	Burial: Burial 18, Individual A first layer	Female adult interred in Burial 18 (first layer)	PREP	2017	2017	9.451.977	99000	Photogrammetry	Agisoft Metashape Pro				Mirko De Tomassi	OBJ	B18	Palenque, Group IV			J3	Behind	Pit	Mixed	No		3?		S18A	Femenine	Adult	Primary	Supine	Extended	16 E 																													
50	PalSep_Model106	18	Burial			Individual 18A	Burial: Burial 18, Individual A second layer	Female adult interred in Burial 18 (second layer)	PREP	2017	2017	2.586.965	99000	Photogrammetry	Agisoft Metashape Pro				Mirko De Tomassi	OBJ	B18	Palenque, Group IV			J3	Behind	Pit	Mixed	No		3?		S18A	Femenine	Adult	Primary	Supine	Extended	16 E 																													
51	PalSep_Model109	20	Burial				Burial: Burial 20, Urn	Burial 20 is the only funerary urn found in Group IV so far and one of the few in Palenque	PREP	2017	2017	84.928		Photogrammetry	Agisoft Metashape Pro				Mirko De Tomassi	OBJ	B20	Palenque, Group IV			J6	West side of J6 banister	Urn	Mixed?	No		4	Jade bead, spindle whorl																																				
52	PalSep_Model111	20	Burial				Burial: Burial 20, Interred Individuals	The remains of four subadults interred in Burial 20	PREP	2017	2017	10.027.590	99000	Photogrammetry	Agisoft Metashape Pro				Mirko De Tomassi	OBJ	B20	Palenque, Group IV			J6	West side of J6 banister	Urn	Mixed?	No		4	Jade bead, spindle whorl																																				
53	PalSep_Model113	20	Burial				Burial: Burial 20, Bottom	The urn was placed in a small grave made of piled stones	PREP	2017	2017	59.651		Photogrammetry	Agisoft Metashape Pro				Mirko De Tomassi	OBJ	B20	Palenque, Group IV			J6	West side of J6 banister	Urn	Mixed?	No		4	Jade bead, spindle whorl																																				
54	PalSep_Model115	22	Burial			Individual 22A	Burial: Burial 22, Individual A	Male adult buried in a simple grave made of stacked stone	PREP	2017	2017	9.914.539	98999	Photogrammetry	Agisoft Metashape Pro				Mirko De Tomassi	OBJ	B22	Palenque, Group IV			J6	East side	Simple Crypt	Individual primary	No		1	vessel	S22A	Masculine	45-49 ys	Primary	Supine	Extended	25 E																													
55	PalSep_Model117	23	Burial				Burial: Burial 23, Capstone	Monolithic slab covering Burial 23	PREP	2017	2017	40.149		Photogrammetry	Agisoft Metashape Pro				Mirko De Tomassi	OBJ	B23	Palenque, Group IV		Murciélagos-Balunté	J6	West side  	Elaborate Crypt	Individual primary	Yes?	Open slab	1	jade beads, bone needle, spindle whorl, obsidian blade, cuenta de jadeita en la mano derecha, otras dos cuentas de jadeita debajo del cráneo, aguja de hueso debajo del cráneo; un malacate plano en el sur (pies); obsidiana?																																				
56	PalSep_Model118	23	Burial			Individual 23A	Burial: Burial 23, Individual A	A female adult individual was buried in this elaborate stone grave covered with a monolithic slab	PREP	2017	2017	7.345.278	99999	Photogrammetry	Agisoft Metashape Pro				Mirko De Tomassi	OBJ	B23	Palenque, Group IV		Murciélagos-Balunté	J6	West side  	Elaborate Crypt	Individual primary	Yes?	Open slab	1	jade beads, bone needle, spindle whorl, obsidian blade, cuenta de jadeita en la mano derecha, otras dos cuentas de jadeita debajo del cráneo, aguja de hueso debajo del cráneo; un malacate plano en el sur (pies); obsidiana?	S23A	Femenine	55-60 ys	Primary	Supine	Extended	20 E																													
57	PalSep_Model121	24	Burial			Individual 24A	Burial: Burial 24, Individual A	A female adult buried in a pit dug near an architectonic feature	PREP	2017	2017	7.338.721	99000	Photogrammetry	Agisoft Metashape Pro				Mirko De Tomassi	OBJ	B24	Palenque, Group IV		Terminos post quem: Murcielago Balunte (ceramica debajo del entierro) (Andreas, informe)	J6	East side	Pit	Individual  	No?		1		S24A	Femenine	50 ys	Secondary?	Supine	Flexed?	8 E																													
58	PalSep_Model126	27	Burial			Individual 27A	Burial: Burial 27, Individual A first layer	A female adult buried in a pit (first layer)	PREP	2017	2017	883.010	99000	Photogrammetry	Agisoft Metashape Pro				Mirko De Tomassi	OBJ	B27	Palenque, Group IV			J7	Front	Pit	Individual primary	No		1	Jade bead	S27A	Femenine	40-44 ys	Primary	Supine?	Flexed?	14 E																													
59	PalSep_Model127	27	Burial			Individual 27A	Burial: Burial 27, Individual A second layer	A female adult buried in a pit (second layer)	PREP	2017	2017	6.071.550	98999	Photogrammetry	Agisoft Metashape Pro				Mirko De Tomassi	OBJ	B27	Palenque, Group IV			J7	Front	Pit	Individual primary	No		1	Jade bead	S27A	Femenine	40-44 ys	Primary	Supine?	Flexed?	14 E																													
60	PalSep_Model128	27	Burial			Individual 27A	Burial: Burial 27, Individual A third layer	A female adult buried in a pit (third layer)	PREP	2017	2017	4.026.202	99000	Photogrammetry	Agisoft Metashape Pro				Mirko De Tomassi	OBJ	B27	Palenque, Group IV			J7	Front	Pit	Individual primary	No		1	Jade bead	S27A	Femenine	40-44 ys	Primary	Supine?	Flexed?	14 E																													
61	PalSep_Model132	29	Burial			Individual 29A	Burial: Burial 29, Individual A	A male young adult buried in a stone box made of thin slabs	PREP	2017	2017	11.138.955	99000	Photogrammetry	Agisoft Metashape Pro				Mirko De Tomassi	OBJ	B29	Palenque, Group IV			J6	West side	Box	Individual  	No?		1	Obsidian blade 	S29A	Masculine	<30 ys	Primario reducido o alterado?	Supine	Flexed?	14 E?																													
62	PalSep_Model135	30	Burial			Individual 30A	Burial: Burial 30, Individual A	The secondary bones of an infant buried within a stone box made of stacked stones	PREP	2017	2017	4.789.698	98999	Photogrammetry	Agisoft Metashape Pro				Mirko De Tomassi	OBJ	B30	Palenque, Group IV			J6	West side	Box	Individual secondary	No	It is not clear whether it is an altered individual or a secondary deposition	1	Antropomorph jade pendant	S30A		Infant	Secondary	Disarticulated	Disarticulated																														
63	PalSep_Model142	35	Burial			Individual 35A	Burial: Burial 35, Individual A	A male adult individual found underneath J6, a structure that functioned as a mausoleum	PREP	2017	2017	13900754	98999	Photogrammetry	Agisoft Metashape Pro				Mirko De Tomassi	OBJ	B35	Palenque, Group IV		Murciélagos-Balunté	J6	Underneath	Elaborate Crypt	Individual primary	Yes?		1	four vessels, two bone needles, spindle whorl, jade beads	S35A	Masculine	54-64 ys	Primary	Supine	Extended																														
